kbli_kode,kbli_nama,total_investasi_rp_juta,total_investasi_us_ribu,total_tki,row_count,percentage_share
24,Industri Logam Dasar,77974614.465819,4725734.210703425,14706,177,15.23583106127792
68,Real Estat,37790593.649801,2290339.009200529,17586,947,7.384083967560566
46,"Perdagangan Besar, Bukan Mobil Dan Sepeda Motor",24475622.034624,1483371.0323111895,80481,1461,4.782408287541968
7,Pertambangan Bijih Logam,24373956.756403,1477209.5006995061,6061,140,4.7625434249275855
35,"Pengadaan Listrik, Gas, Uap/Air Panas Dan Udara Dingin",22064052.209077,1337215.285445506,5190,485,4.311200180823905
52,Pergudangan dan Aktivitas Penunjang Angkutan,21003061.38252,1272912.8110268335,15949,605,4.103888133156465
10,Industri Makanan,19475594.204519,1180339.0426862028,40932,781,3.805429050862806
20,Industri Bahan Kimia Dan Barang Dari Bahan Kimia,17168349.996311,1040506.0603902476,10305,365,3.354605623081979
1,"Pertanian Tanaman, Peternakan, Perburuan dan Kegiatan YBDI",15002801.902025,909260.72132657,43558,579,2.9314688734405028
9,Aktivitas Jasa Penunjang Pertambangan,14275637.790604,865190.169081568,14302,209,2.7893848165800335
61,Telekomunikasi,11976712.581673,725861.3685194928,3231,407,2.3401868776644164
63,Aktivitas Jasa Informasi,11418601.431028,692036.450350636,3728,173,2.2311348834622495
29,"Industri Kendaraan Bermotor, Trailer Dan Semi Trailer",10344375.396054,626931.8422266087,13628,100,2.021236745425737
51,Angkutan Udara,10344116.856988002,626916.173169638,642,23,2.021186228247047
50,Angkutan Perairan,9616251.30368,582803.10928907,6604,138,1.878965113317578
17,Industri Kertas dan Barang Dari Kertas,9271507.968545,561909.5739101486,5705,150,1.8116040721684632
86,Aktivitas Kesehatan Manusia,9128746.980457,553257.392708563,25877,347,1.7837093231972665
22,"Industri Karet, Barang Dari Karet Dan Plastik",8507617.801936,515613.20010583417,18580,292,1.6623439365774368
15,"Industri Kulit, Barang dari Kulit dan Alas Kaki",8464588.605528,513005.3699838907,47515,188,1.653936257082436
47,"Perdagangan Eceran, Bukan Mobil Dan Motor",8365429.310892,506995.71579393646,33539,700,1.634561050528618
16,"Industri Kayu, Barang dari Kayu dan Gabus (Tidak Termasuk Furnitur) dan Barang Anyaman dari Bambu, Rotan dan Sejenisnya",8056666.380307001,488282.8109480106,10508,214,1.5742303918827805
55,Penyediaan Akomodasi,7641254.882480999,463106.356495623,11401,625,1.4930611620616592
5,Pertambangan Batu Bara dan Lignit,7541500.212585,457060.618927797,1415,89,1.4735696223019437
23,Industri Barang Galian Bukan Logam,6893373.240165,417780.196377048,8159,261,1.3469290082290475
27,Industri Peralatan Listrik,6551626.738584,397068.287166273,13884,136,1.2801535326522708
64,"Aktivitas Jasa Keuangan, Bukan Asuransi Dan Dana Pensiun",6491255.071915,393409.398302918,15289,456,1.2683572253468995
43,Konstruksi Khusus,6430960.768772,389755.1980806138,13548,239,1.2565760344691055
42,Konstruksi Bangunan Sipil,6338300.290969,384139.41158431,9462,391,1.2384706626691249
45,"Perdagangan, Reparasi dan Perawatan Mobil dan Sepeda Motor",5941301.125682,360078.85606515524,12053,433,1.1608991061411658
6,Pertambangan Minyak Bumi dan Gas Alam Dan Panas Bumi,5548580.622449,336277.613465172,81,48,1.0841635777573617
2,Pengelolaan Kehutanan dan Penebangan,5287455.832276,320451.8686248086,2974,195,1.0331411621129538
77,Aktivitas Penyewaan dan Sewa Guna Usaha Tanpa Hak Opsi,5255689.757265,318526.6519566076,3719,264,1.0269342375175186
49,Angkutan Darat dan Angkutan melalui Saluran Pipa,4012499.86066,243181.809726794,4047,308,0.7840214463287355
19,Industri Produk Dari Batu Bara dan Pengilangan Minyak Bumi,3780388.1191319996,229114.431488372,395,104,0.7386680283543531
13,Industri tekstil,3630247.1956909997,220014.981555743,12600,183,0.7093312786877792
25,"Industri Barang Logam, Bukan Mesin Dan Peralatannya",3027402.370334,183478.9315514866,6857,210,0.5915385588618786
26,"Industri Komputer, Barang Elektronik Dan Optik",2994531.126449,181486.73497325298,5261,113,0.5851156900598088
60,Aktivitas Penyiaran Dan Pemrograman,2912394.9874699996,176508.78713777298,1090,20,0.5690667189160238
14,Industri Pakaian Jadi,2663914.233265,161449.347476016,41418,195,0.5205148816420371
56,Penyediaan Makanan Dan Minuman,2622966.698825,158967.6787192042,30596,870,0.5125139479871847
93,Aktivitas Olahraga Dan Rekreasi Lainnya,2482048.500898,150427.181870982,3846,439,0.4849792705567928
41,Konstruksi Gedung,2425130.179634,146977.5866402956,8930,287,0.4738577288472152
30,Industri Alat Angkutan Lainnya,2350764.588566,142470.58113445,3961,123,0.4593270820457385
33,Reparasi dan pemasangan mesin dan peralatan,2092188.665843,126799.3130844816,6891,231,0.40880270174439504
28,Industri Mesin Dan Perlengkapan ytdl,1887831.6066659999,114414.036775995,4848,157,0.36887240326032605
21,"Industri Farmasi, Produk Obat Kimia Dan Obat Tradisional",1847432.534979,111965.608187898,3885,102,0.3609786363533361
12,Industri Pengolahan Tembakau,1749099.239488,106006.0145217036,3720,72,0.3417648257040209
38,"Pengumpulan, Treatment dan Pembuangan Limbah dan Sampah serta Aktivitas Pemulihan Material",1631197.5007179999,98860.4545900732,806,139,0.31872744378124035
70,Aktivitas Kantor Pusat dan Konsultasi Manajemen,1619707.212359,98164.0734786146,5302,414,0.31648230164770874
11,Industri Minuman,1443881.375359,87507.962143905,1640,166,0.28212685446670227
32,Industri pengolahan lainnya,1419184.276938,86011.168303827,12649,206,0.27730117085385086
85,Pendidikan,1394366.580366,84507.065479412,2249,206,0.2724519229942568
8,Pertambangan dan Penggalian Lainnya,1315596.382737,79733.11410566882,1772,209,0.25706063915193644
62,"Aktivitas Pemrograman, Konsultasi Komputer Dan Kegiatan YBDI",1212793.572945,73502.64078443221,5295,178,0.23697350882951337
65,"Asuransi, Penjaminan, Reasuransi dan Dana Pensiun, Bukan Jaminan Sosial Wajib",1169096.022785,70854.304406813,663,33,0.22843523651370318
36,Treatment Air,1139104.805678,69036.654888985,741,86,0.22257510985203605
66,"Aktivitas Penunjang Jasa Keuangan, Asuransi, Penjaminan dan Dana Pensiun",1097676.392218,66525.84194234281,1498,61,0.2144802149565951
31,Industri Furnitur,1061881.136228,64356.4325053523,5053,190,0.20748600951172044
3,Perikanan,962203.856812,58315.385260602,7331,193,0.18800959144625254
59,"Aktivitas Produksi Gambar Bergerak, Video Dan Program Televisi, Perekaman Suara Dan Penerbitan Musik",817725.825118,49559.140916216995,1116,180,0.15977934115215614
71,Aktivitas Arsitektur Dan Keinsinyuran; Analisis Dan Uji Teknis,747391.835296,45296.474866063996,5155,195,0.1460364481076079
73,Periklanan Dan Penelitian Pasar,734243.392359,44499.599532175,1285,139,0.1434673112586556
78,Aktivitas Ketenagakerjaan,724551.242129,43912.196494538,10226,256,0.14157351589286335
80,Aktivitas Keamanan dan Penyelidikan,665226.525643,40316.759125643,5265,179,0.12998177716698453
18,Industri Pencetakan dan Reproduksi Media Rekaman,590806.285378,35806.441538527,1422,86,0.11544045219878875
82,"Aktivitas Administrasi Kantor, Aktivitas Penunjang Kantor Dan Aktivitas Penunjang Usaha Lainnya",483664.018552,29312.970815271,3425,233,0.09450541471169892
74,"Aktivitas profesional, ilmiah dan teknis lainnya",367334.339557,22262.687246213,1144,180,0.07177520503098993
79,"Aktivitas Agen Perjalanan, Penyelenggara Tur Dan Jasa Reservasi Lainnya",342175.530687,20737.910949836,1089,203,0.0668593056158754
58,Aktivitas Penerbitan,319912.752736,19388.651678656,1007,72,0.06250927546644942
53,Aktivitas Pos dan Kurir,313926.69890899997,19025.86053845961,723,101,0.0613396319169854
96,Aktivitas Jasa perorangan lainnya,191933.831572,11632.353427919,1122,127,0.03750286491069023
90,"Aktivitas Hiburan, Kesenian Dan Kreativitas",167765.144953,10167.584542248998,438,55,0.032780430194947335
81,Aktivitas Penyedia Jasa Untuk Gedung Dan Pertamanan,130824.390845,7928.7509600778185,2876,147,0.025562400420495342
69,Aktivitas Hukum Dan Akuntansi,70392.902864,4266.236537113,927,21,0.013754404344236802
95,Reparasi Komputer Dan Barang Keperluan Pribadi Dan Perlengkapan Rumah Tangga,43050.913638,2609.146281244,513,69,0.008411922927939087
72,Penelitian Dan Pengembangan Ilmu Pengetahuan,35812.243325,2170.438989377242,544,44,0.006997524681116062
91,"Perpustakaan, Arsip, Museum Dan Kegiatan Kebudayaan Lainnya",28457.134519,1724.674819328,245,30,0.005560374962925959
37,Treatment Air Limbah,23606.807818,1430.715625299606,133,48,0.004612646542404743
18,Industri pencetakan dan reproduksi media rekaman,14982.04627,908.0028039,120,1,0.002927413331707218
75,Aktivitas Kesehatan Hewan,3391.346821,205.536170993,68,10,0.0006626513973673832
82,"Aktivitas administrasi kantor, aktivitas penunjang kantor dan aktivitas penunjang usaha lainnya",700.0,42.42424242,0,1,0.0001367763318351474
39,Aktivitas Remediasi dan Pengelolaan Limbah dan Sampah Lainnya,505.437714,30.63258872,0,6,9.875988070294618e-05
46,"Perdagangan besar, bukan mobil dan sepeda motor",315.0,19.09090909,6,1,6.154934932581634e-05
97,Aktivitas Rumah Tangga Sebagai Pemberi Kerja Dari Personil Domestik,17.369259,1.052682364,0,3,3.393862189592315e-06
94,Aktivitas Keanggotaan Organisasi,5.902153,0.357706242,0,1,1.153249767528301e-06
88,Aktivitas Sosial Tanpa Akomodasi,5.1,0.309090909,0,1,9.96513274798931e-07
84,"Administrasi Pemerintahan, Pertahanan Dan Jaminan Sosial Wajib",0.852324,0.051655999999999994,0,2,1.6653964322151453e-07
98,Aktivitas Yang Menghasilkan Barang Dan Jasa Oleh Rumah Tangga Yang digunakan untuk Memenuhi Kebutuhan Sendiri,0.3,0.018181818,0,1,5.861842792934889e-08
